Timestamp,Enter the grade associated with course ?  [CMSC131],Enter the grade associated with course ?  [CMSC132],Enter the grade associated with course ?  [CMSC216],Enter the grade associated with course ?  [CMSC250],Enter the grade associated with course ?  [CMSC330],Enter the grade associated with course ?  [CMSC351],Enter the grade associated with course ?  [MATH140],Enter the grade associated with course ?  [MATH141],Enter the grade associated with course ?  [MATH240],Enter the grade associated with course ?  [MATH241],Enter the grade associated with course ?  [STAT400],Computer Science Track,Have you taken upper level CS classes ? (CMSC4xx),Area 1 Courses [CMSC411],Area 1 Courses [CMSC412],Area 1 Courses [CMSC414],Area 1 Courses [CMSC416],Area 1 Courses [CMSC417],Area 2 Courses [CMSC420],Area 2 Courses [CMSC421],Area 2 Courses [CMSC422],Area 2 Courses [CMSC423],Area 2 Courses [CMSC424],Area 2 Courses [CMSC426],Area 2 Courses [CSMC427],Area 2 Courses [CMSC470],Area 3 Courses [CMSC430],Area 3 Courses [CMSC433],Area 3 Courses [CMSC434],Area 3 Courses [CMSC435],Area 3 Courses [CMSC436],Area 4 Courses [CMSC451],Area 4 Courses [CMSC452],Area 4 Courses [CMSC454],Area 4 Courses [CMSC456],Area 4 Courses [CMSC457],Area 5 Courses [CMSC460],Area 5 Courses [CMSC466],Other CMSC Courses [CMSC320],Other CMSC Courses [CMSC425],Other CMSC Courses [CMSC472],Other CMSC Courses [CMSC473],Other CMSC Courses [CMSC474],Other CMSC Courses [CMSC475],Graduation Status
11/9/2021 23:09:19,A,A,A,A,A,B-,A,A,A,A,A,General,Yes,Not Attempted,Not Attempted,Not Attempted,Not Attempted,Not Attempted,A,A,A,,,,,,,,,,,,,,,,,,A,,,,,,Not Completed
11/9/2021 23:28:14,A,A-,A-,A,A,A+,A,A,Not Attempted,Not Attempted,A+,General,No,,,,,,,,,,,,,,,,,,,,,,,,,,,,,,,,
11/9/2021 23:33:15,B,B-,B,C+,A,A,A,A,A,Not Attempted,B+,General,Yes,Not Attempted,Not Attempted,Not Attempted,Not Attempted,Not Attempted,A,,Not Attempted,Not Attempted,Not Attempted,A+,Not Attempted,Not Attempted,Not Attempted,Not Attempted,Not Attempted,Not Attempted,Not Attempted,A,Not Attempted,Not Attempted,Not Attempted,Not Attempted,Not Attempted,,B-,,,,,,Not Completed
11/9/2021 23:36:11,A,B+,B-,B,B+,C-,Not Attempted,Not Attempted,B,B+,B-,Data Science,Yes,Not Attempted,Not Attempted,Not Attempted,Not Attempted,Not Attempted,Not Attempted,Not Attempted,Not Attempted,Not Attempted,Not Attempted,Not Attempted,Not Attempted,Not Attempted,Not Attempted,Not Attempted,Not Attempted,Not Attempted,Not Attempted,C+,Not Attempted,Not Attempted,Not Attempted,Not Attempted,Not Attempted,Not Attempted,Don't want to share,Not Attempted,Not Attempted,Not Attempted,Not Attempted,Not Attempted,Not Completed
11/9/2021 23:40:52,A,A,A-,A,A-,A+,A,A+,A-,A,A,General,Yes,Not Attempted,Not Attempted,Not Attempted,Not Attempted,Not Attempted,Not Attempted,Not Attempted,A,Not Attempted,A+,Not Attempted,Not Attempted,A-,Not Attempted,Not Attempted,Not Attempted,Not Attempted,Not Attempted,B+,Not Attempted,Not Attempted,Not Attempted,Not Attempted,Not Attempted,Not Attempted,A,Not Attempted,Not Attempted,Not Attempted,Not Attempted,Not Attempted,Not Completed
11/9/2021 23:47:34,A+,A+,A,A,A,A,A+,A+,A,Not Attempted,A,General,Yes,A-,Not Attempted,C+,Not Attempted,Not Attempted,Not Attempted,A-,Not Attempted,Not Attempted,Not Attempted,A+,Not Attempted,Not Attempted,Not Attempted,Not Attempted,A,Not Attempted,Not Attempted,Not Attempted,Not Attempted,Not Attempted,Not Attempted,Not Attempted,Not Attempted,Not Attempted,A-,Not Attempted,Not Attempted,Not Attempted,Not Attempted,Not Attempted,Graduated
11/9/2021 23:53:43,A,A,A,A-,B+,A-,A,A,A,A,A+,General,Yes,Not Attempted,Not Attempted,B+,Not Attempted,Not Attempted,A,Not Attempted,Not Attempted,Not Attempted,B+,A,Not Attempted,Not Attempted,Not Attempted,Not Attempted,A,Not Attempted,A-,Not Attempted,Not Attempted,Not Attempted,Not Attempted,Not Attempted,Not Attempted,Not Attempted,Not Attempted,A,Not Attempted,Not Attempted,Not Attempted,Not Attempted,Graduated
11/10/2021 1:00:17,B,D+,C,B,B,C+,Not Attempted,Not Attempted,B,Not Attempted,Not Attempted,Machine Learning,No,,,,,,,,,,,,,,,,,,,,,,,,,,,,,,,,
11/10/2021 1:10:51,A+,A,A+,B+,Not Attempted,Not Attempted,A+,A,A-,Not Attempted,Not Attempted,General,No,,,,,,,,,,,,,,,,,,,,,,,,,,,,,,,,
11/10/2021 8:54:06,B,B+,C+,B+,A,B,Not Attempted,A-,B-,A-,B+,General,No,,,,,,,,,,,,,,,,,,,,,,,,,,,,,,,,
11/10/2021 10:38:00,Not Attempted,A+,A+,B+,A+,A+,Not Attempted,Not Attempted,A+,Not Attempted,A+,General,Yes,,,,,,,,,,,,,,,,,,,A-,,,,,,,,,,,,,Not Completed
11/10/2021 11:12:32,A,A,A,B+,A-,B+,A,A,B+,A,B+,Machine Learning,Yes,,,,,,A,A+,A,,,,,,,,,,,,,,,,A+,,A+,,,,,,Not Completed
11/10/2021 11:19:32,A+,A-,Don't want to share,Don't want to share,B+,C+,A+,A+,Don't want to share,Not Attempted,A+,General,Yes,Not Attempted,Not Attempted,Not Attempted,Not Attempted,Not Attempted,A,A,Not Attempted,Not Attempted,Not Attempted,Not Attempted,Not Attempted,Not Attempted,Not Attempted,Not Attempted,Not Attempted,Not Attempted,Not Attempted,Not Attempted,Not Attempted,Not Attempted,Not Attempted,Not Attempted,Not Attempted,Not Attempted,Not Attempted,Not Attempted,Not Attempted,Not Attempted,Not Attempted,Not Attempted,Not Completed
11/10/2021 12:13:04,A,A,A,A-,A,A+,Not Attempted,Not Attempted,A,A,Not Attempted,General,Yes,Not Attempted,Not Attempted,Not Attempted,Not Attempted,Not Attempted,Not Attempted,Not Attempted,Not Attempted,Not Attempted,Not Attempted,Not Attempted,Not Attempted,Not Attempted,Not Attempted,Not Attempted,Not Attempted,Not Attempted,Not Attempted,Not Attempted,Not Attempted,Not Attempted,Not Attempted,Not Attempted,Not Attempted,Not Attempted,Not Attempted,Not Attempted,Not Attempted,Not Attempted,Not Attempted,Not Attempted,Not Completed
11/10/2021 12:19:10,Not Attempted,A+,A+,B+,A,B-,Not Attempted,Not Attempted,A+,Not Attempted,A,General,Yes,Not Attempted,Not Attempted,Not Attempted,Not Attempted,Not Attempted,A-,Not Attempted,Not Attempted,Not Attempted,Not Attempted,Not Attempted,Not Attempted,Not Attempted,Not Attempted,Not Attempted,Not Attempted,Not Attempted,Not Attempted,B+,Not Attempted,Not Attempted,Not Attempted,Not Attempted,Not Attempted,Not Attempted,Not Attempted,Not Attempted,Not Attempted,Not Attempted,Not Attempted,Not Attempted,Not Completed
11/10/2021 12:49:33,A,A,A,A,A,A,A,A,A,A,Not Attempted,General,No,,,,,,,,,,,,,,,,,,,,,,,,,,,,,,,,
11/10/2021 13:00:28,B+,Don't want to share,B-,Don't want to share,A-,C-,Not Attempted,Not Attempted,B+,Not Attempted,B,Cyber Security,Yes,Not Attempted,Not Attempted,A+,Not Attempted,Not Attempted,Not Attempted,Not Attempted,Not Attempted,Not Attempted,Not Attempted,Not Attempted,Not Attempted,Not Attempted,Not Attempted,B,Not Attempted,Not Attempted,Not Attempted,A-,Not Attempted,Not Attempted,Not Attempted,Not Attempted,Not Attempted,Not Attempted,Not Attempted,Not Attempted,Not Attempted,Not Attempted,Not Attempted,Not Attempted,Not Completed
11/10/2021 13:06:29,Not Attempted,Not Attempted,A,A,A+,A,Not Attempted,Not Attempted,A,A,A,Cyber Security,Yes,A+,Not Attempted,Not Attempted,Not Attempted,Not Attempted,Not Attempted,Not Attempted,Not Attempted,Not Attempted,Not Attempted,Not Attempted,Not Attempted,Not Attempted,Not Attempted,Don't want to share,Not Attempted,Not Attempted,Not Attempted,A,Not Attempted,Not Attempted,B,Not Attempted,Not Attempted,Not Attempted,Not Attempted,Not Attempted,Not Attempted,Not Attempted,Not Attempted,Not Attempted,Not Completed
11/10/2021 13:14:30,Not Attempted,A,B,B,A-,B+,Not Attempted,B-,B,A,A,General,Yes,Not Attempted,Not Attempted,Not Attempted,Not Attempted,Not Attempted,A-,Not Attempted,Not Attempted,Not Attempted,A,A+,Not Attempted,Not Attempted,Not Attempted,Not Attempted,Not Attempted,Not Attempted,Not Attempted,A-,Not Attempted,Not Attempted,Not Attempted,Not Attempted,Not Attempted,Not Attempted,A+,Not Attempted,Not Attempted,Not Attempted,Not Attempted,Not Attempted,Not Completed
11/10/2021 13:24:32,A+,A+,Not Attempted,Not Attempted,Not Attempted,Not Attempted,A+,A+,Not Attempted,Not Attempted,Not Attempted,General,No,,,,,,,,,,,,,,,,,,,,,,,,,,,,,,,,
11/10/2021 13:25:36,A,A,B,B+,B+,B,A,A,C+,Not Attempted,B,General,Yes,Not Attempted,Not Attempted,Not Attempted,Not Attempted,Not Attempted,A,Not Attempted,Not Attempted,Not Attempted,Not Attempted,Not Attempted,Not Attempted,Not Attempted,Not Attempted,A+,Not Attempted,Not Attempted,Not Attempted,B+,Not Attempted,Not Attempted,Not Attempted,Not Attempted,Not Attempted,Not Attempted,Not Attempted,Not Attempted,Not Attempted,Not Attempted,Not Attempted,Not Attempted,Not Completed
11/10/2021 13:36:49,A+,C,A-,A,A,B+,B+,B+,A,Not Attempted,Not Attempted,General,Yes,Not Attempted,Not Attempted,Not Attempted,Not Attempted,Not Attempted,Not Attempted,Not Attempted,Not Attempted,Not Attempted,B+,Not Attempted,Not Attempted,Not Attempted,Not Attempted,Not Attempted,Not Attempted,Not Attempted,Not Attempted,Not Attempted,Not Attempted,Not Attempted,Not Attempted,Not Attempted,Not Attempted,Not Attempted,A,Not Attempted,Not Attempted,Not Attempted,Not Attempted,Not Attempted,Not Completed
11/10/2021 13:53:54,A+,A,A,A+,A+,A+,A+,A+,A+,A,A+,Data Science,Yes,Not Attempted,Not Attempted,Not Attempted,Not Attempted,Not Attempted,Not Attempted,A-,Not Attempted,Not Attempted,A-,Not Attempted,Not Attempted,Not Attempted,Not Attempted,Not Attempted,Not Attempted,Not Attempted,Not Attempted,Not Attempted,Not Attempted,Not Attempted,Not Attempted,Not Attempted,Not Attempted,Not Attempted,A-,Not Attempted,Not Attempted,Not Attempted,Not Attempted,Not Attempted,Not Completed
11/10/2021 14:11:04,B+,D-,B-,C+,B,C,Not Attempted,A,B+,C+,B+,Data Science,Yes,Not Attempted,Not Attempted,Not Attempted,Not Attempted,Not Attempted,Not Attempted,Not Attempted,Not Attempted,Not Attempted,Not Attempted,Not Attempted,Not Attempted,Not Attempted,Not Attempted,Not Attempted,Not Attempted,Not Attempted,Not Attempted,C-,Not Attempted,Not Attempted,Not Attempted,,Not Attempted,Not Attempted,A-,Not Attempted,Not Attempted,Not Attempted,Not Attempted,Not Attempted,Not Completed
11/10/2021 14:27:37,Not Attempted,Not Attempted,A,Not Attempted,A,B,Not Attempted,Not Attempted,Not Attempted,Not Attempted,A,General,Yes,Not Attempted,Not Attempted,A+,Not Attempted,A,Not Attempted,Not Attempted,Not Attempted,Not Attempted,Not Attempted,Not Attempted,Not Attempted,Not Attempted,A+,A,Not Attempted,Not Attempted,Not Attempted,Not Attempted,Not Attempted,Not Attempted,A,A+,A,Not Attempted,A+,Not Attempted,Not Attempted,Not Attempted,Not Attempted,Not Attempted,Not Completed
11/10/2021 14:57:40,B+,C+,C+,B,B-,C+,Not Attempted,C+,A-,Not Attempted,B,General,Yes,B,Not Attempted,Not Attempted,Not Attempted,Not Attempted,B+,Not Attempted,Not Attempted,Not Attempted,Not Attempted,Not Attempted,Not Attempted,Not Attempted,Not Attempted,Not Attempted,Not Attempted,Not Attempted,Not Attempted,Not Attempted,Not Attempted,Not Attempted,Not Attempted,Not Attempted,Not Attempted,Not Attempted,Not Attempted,Not Attempted,Not Attempted,Not Attempted,Not Attempted,Not Attempted,Not Completed
11/10/2021 15:16:29,A+,B+,B+,A,A,A,A+,A+,A+,A+,A-,Data Science,Yes,Not Attempted,Not Attempted,Not Attempted,Not Attempted,Not Attempted,A+,Not Attempted,Not Attempted,Not Attempted,Not Attempted,Not Attempted,Not Attempted,Not Attempted,Not Attempted,Not Attempted,Not Attempted,Not Attempted,Not Attempted,B-,Not Attempted,Not Attempted,Not Attempted,Not Attempted,Not Attempted,Not Attempted,A+,Not Attempted,Not Attempted,Not Attempted,Not Attempted,Not Attempted,Not Completed
11/10/2021 17:09:38,B,B-,C,C,C+,B,Not Attempted,Not Attempted,C+,Not Attempted,B-,General,Yes,,,,,,,,,,,,,,,,,,,,,,,,,,,,,,,,Not Completed
11/10/2021 17:55:17,A,B-,C+,C-,B+,C-,B,C,C+,Not Attempted,B-,General,Yes,A-,Not Attempted,Not Attempted,Not Attempted,Not Attempted,A-,B,Not Attempted,Not Attempted,B-,Not Attempted,Not Attempted,Not Attempted,Not Attempted,B,Not Attempted,Not Attempted,Not Attempted,Not Attempted,Not Attempted,Not Attempted,Not Attempted,Not Attempted,Not Attempted,Not Attempted,Not Attempted,Not Attempted,Not Attempted,Not Attempted,Not Attempted,Not Attempted,Not Completed
11/10/2021 18:07:16,B,B,B,B-,B+,C+,A+,B+,A-,Not Attempted,A-,General,Yes,C+,Not Attempted,Not Attempted,Not Attempted,Not Attempted,Not Attempted,Not Attempted,Not Attempted,Not Attempted,Not Attempted,Not Attempted,Not Attempted,Not Attempted,Not Attempted,Not Attempted,Not Attempted,Not Attempted,Not Attempted,B,Not Attempted,Not Attempted,Not Attempted,Not Attempted,Not Attempted,Not Attempted,Not Attempted,Not Attempted,Not Attempted,Not Attempted,Not Attempted,Not Attempted,Not Completed
11/10/2021 18:13:39,B+,B,A-,A,A-,B,Not Attempted,A-,B,Not Attempted,A,General,Yes,Not Attempted,Not Attempted,Not Attempted,Not Attempted,Not Attempted,B-,Not Attempted,Not Attempted,Not Attempted,Not Attempted,A+,Not Attempted,Not Attempted,Not Attempted,Not Attempted,A,Not Attempted,Not Attempted,Not Attempted,Not Attempted,Not Attempted,Not Attempted,Not Attempted,Not Attempted,Not Attempted,A,Not Attempted,Not Attempted,Not Attempted,Not Attempted,Not Attempted,Not Completed
11/10/2021 19:20:55,A,C,B,B+,Not Attempted,Not Attempted,Not Attempted,B,B+,Not Attempted,Not Attempted,General,No,,,,,,,,,,,,,,,,,,,,,,,,,,,,,,,,
11/10/2021 19:45:29,A-,B+,Not Attempted,Not Attempted,Not Attempted,Not Attempted,B,A-,Not Attempted,Not Attempted,Not Attempted,General,No,,,,,,,,,,,,,,,,,,,,,,,,,,,,,,,,
11/10/2021 19:52:22,A,A,B+,B,C-,C-,B-,B-,C-,Not Attempted,Not Attempted,General,Yes,,,,,,,,,B,,,,,Not Attempted,B+,,,,,,,,,,,,,,,,,Not Completed
11/10/2021 20:20:19,C,B-,Not Attempted,Not Attempted,Not Attempted,Not Attempted,A-,B,C-,Not Attempted,Not Attempted,General,No,,,,,,,,,,,,,,,,,,,,,,,,,,,,,,,,
11/10/2021 21:01:16,B,C-,B-,B,B,Not Attempted,B,A-,B-,Not Attempted,A,General,No,,,,,,,,,,,,,,,,,,,,,,,,,,,,,,,,
11/10/2021 21:17:25,A-,B,Not Attempted,Not Attempted,Not Attempted,Not Attempted,A,A,Not Attempted,Not Attempted,Not Attempted,General,No,,,,,,,,,,,,,,,,,,,,,,,,,,,,,,,,
11/10/2021 21:44:47,A-,B-,A,B+,B,C,Not Attempted,B-,Not Attempted,Not Attempted,Not Attempted,General,No,,,,,,,,,,,,,,,,,,,,,,,,,,,,,,,,
11/11/2021 0:53:12,A,Not Attempted,Not Attempted,Not Attempted,Not Attempted,Not Attempted,Not Attempted,Not Attempted,Not Attempted,A,Not Attempted,Machine Learning,No,,,,,,,,,,,,,,,,,,,,,,,,,,,,,,,,
11/11/2021 1:14:30,B-,Not Attempted,Not Attempted,Not Attempted,Not Attempted,Not Attempted,Not Attempted,Not Attempted,Not Attempted,Not Attempted,Not Attempted,General,No,,,,,,,,,,,,,,,,,,,,,,,,,,,,,,,,
11/11/2021 3:28:20,B+,A-,B+,B+,B+,B+,A-,A-,A,Don't want to share,A+,Data Science,Yes,,,,,,,,,,,,,,,,,,,,,,,,,,Don't want to share,,,,,,Not Completed
11/11/2021 9:13:31,Not Attempted,A-,Not Attempted,Not Attempted,Not Attempted,Not Attempted,Not Attempted,Not Attempted,Not Attempted,A+,Not Attempted,General,No,,,,,,,,,,,,,,,,,,,,,,,,,,,,,,,,
11/11/2021 9:57:01,A,Don't want to share,Don't want to share,Don't want to share,A,Don't want to share,Not Attempted,Not Attempted,Don't want to share,Not Attempted,Don't want to share,Machine Learning,Yes,Not Attempted,Not Attempted,Not Attempted,Not Attempted,Not Attempted,Not Attempted,Don't want to share,Not Attempted,Not Attempted,Not Attempted,Not Attempted,Not Attempted,Not Attempted,Not Attempted,Not Attempted,Not Attempted,Not Attempted,Not Attempted,Not Attempted,Not Attempted,Not Attempted,Not Attempted,Not Attempted,Not Attempted,Not Attempted,A,Not Attempted,Not Attempted,Not Attempted,Not Attempted,Not Attempted,Not Completed
11/11/2021 10:09:20,A+,A-,Not Attempted,Not Attempted,Not Attempted,Not Attempted,A,B,Not Attempted,Not Attempted,A+,Machine Learning,No,,,,,,,,,,,,,,,,,,,,,,,,,,,,,,,,
11/11/2021 10:18:02,C,B,C,C,B,C,C,A-,B,Not Attempted,B,General,No,,,,,,,,,,,,,,,,,,,,,,,,,,,,,,,,
11/11/2021 10:19:30,A,B+,A,B+,A,A-,Not Attempted,A+,A,A,A+,General,Yes,Not Attempted,Not Attempted,Not Attempted,Not Attempted,Not Attempted,A-,Not Attempted,Not Attempted,Not Attempted,Not Attempted,Not Attempted,Not Attempted,Not Attempted,Not Attempted,Not Attempted,Not Attempted,Not Attempted,Not Attempted,Not Attempted,Not Attempted,Not Attempted,Not Attempted,Not Attempted,Not Attempted,Not Attempted,A,Not Attempted,Not Attempted,Not Attempted,Not Attempted,Not Attempted,Not Completed
11/11/2021 10:19:45,A+,A+,A+,A+,A+,A+,Not Attempted,Not Attempted,Not Attempted,Not Attempted,Not Attempted,General,Yes,Not Attempted,Not Attempted,Not Attempted,Not Attempted,Not Attempted,Not Attempted,Not Attempted,Not Attempted,Not Attempted,Not Attempted,Not Attempted,Not Attempted,Not Attempted,Not Attempted,Not Attempted,Not Attempted,Not Attempted,Not Attempted,Not Attempted,Not Attempted,Not Attempted,Not Attempted,Not Attempted,A,Not Attempted,Not Attempted,Not Attempted,Not Attempted,Not Attempted,Not Attempted,Not Attempted,Not Completed
11/11/2021 10:25:19,Not Attempted,A+,A,B,A+,B-,Not Attempted,Not Attempted,B+,Not Attempted,A,General,Yes,Not Attempted,Not Attempted,A+,Not Attempted,Not Attempted,A+,Not Attempted,Not Attempted,Not Attempted,Not Attempted,Not Attempted,Not Attempted,Not Attempted,Not Attempted,Not Attempted,Not Attempted,Not Attempted,Not Attempted,Not Attempted,Not Attempted,Not Attempted,Not Attempted,Not Attempted,Not Attempted,Not Attempted,Not Attempted,Not Attempted,Not Attempted,Not Attempted,Not Attempted,Not Attempted,Not Completed
11/11/2021 10:35:23,Not Attempted,Not Attempted,A+,A,A+,B+,Not Attempted,Not Attempted,A,A,Not Attempted,Data Science,Yes,Not Attempted,Not Attempted,A+,Not Attempted,Not Attempted,A-,Not Attempted,A+,Not Attempted,A+,Not Attempted,Not Attempted,Not Attempted,Not Attempted,A+,Not Attempted,Not Attempted,Not Attempted,Not Attempted,Not Attempted,Not Attempted,A,Not Attempted,A+,Not Attempted,A+,Not Attempted,Not Attempted,Not Attempted,Not Attempted,Not Attempted,Graduated
11/11/2021 10:50:40,A,A,A-,A,A-,B,A,A+,A,A,A+,General,Yes,Not Attempted,Not Attempted,Not Attempted,Not Attempted,B,B+,Not Attempted,Not Attempted,Not Attempted,Don't want to share,Not Attempted,Not Attempted,Not Attempted,Not Attempted,Not Attempted,Not Attempted,Not Attempted,Don't want to share,Not Attempted,Not Attempted,Not Attempted,Not Attempted,Not Attempted,Not Attempted,Not Attempted,A+,Not Attempted,Not Attempted,Not Attempted,Not Attempted,Not Attempted,Not Completed
11/11/2021 10:51:39,A+,A+,A,A,A+,A,Not Attempted,Not Attempted,A+,Not Attempted,Don't want to share,Data Science,Yes,Not Attempted,Not Attempted,Not Attempted,Not Attempted,Not Attempted,A,A,Not Attempted,Not Attempted,Not Attempted,Not Attempted,Not Attempted,Not Attempted,Not Attempted,Not Attempted,Not Attempted,Not Attempted,Not Attempted,A-,Not Attempted,Not Attempted,Not Attempted,Not Attempted,Not Attempted,Not Attempted,A,Not Attempted,Not Attempted,Not Attempted,Not Attempted,Not Attempted,Not Completed
11/11/2021 11:00:53,B+,A+,A+,B+,A+,A-,A+,A-,A,Not Attempted,A+,General,Yes,Not Attempted,Not Attempted,A,Not Attempted,Not Attempted,A,Not Attempted,Not Attempted,Not Attempted,Not Attempted,Not Attempted,Not Attempted,Not Attempted,Not Attempted,Not Attempted,Not Attempted,Not Attempted,A,Not Attempted,Not Attempted,Not Attempted,Not Attempted,Not Attempted,Not Attempted,Not Attempted,A+,Not Attempted,Not Attempted,Not Attempted,Not Attempted,Not Attempted,Switched Major
11/11/2021 11:29:42,A,B,B,B,C+,C+,Not Attempted,Not Attempted,B,B,A,Machine Learning,Yes,Not Attempted,Not Attempted,Not Attempted,Not Attempted,Not Attempted,Not Attempted,B,Not Attempted,Not Attempted,Not Attempted,Not Attempted,Not Attempted,Not Attempted,Not Attempted,Not Attempted,Not Attempted,Not Attempted,Not Attempted,Not Attempted,Not Attempted,Not Attempted,Not Attempted,Not Attempted,Not Attempted,Not Attempted,B,Not Attempted,Not Attempted,Not Attempted,Not Attempted,Not Attempted,Not Completed
11/11/2021 11:30:16,B,A,C+,B,B+,B+,B,B,B,Not Attempted,A+,Data Science,Yes,Not Attempted,Not Attempted,Not Attempted,Not Attempted,Not Attempted,Not Attempted,Not Attempted,Not Attempted,Not Attempted,Not Attempted,B,Not Attempted,Not Attempted,Not Attempted,Not Attempted,Not Attempted,Not Attempted,Not Attempted,Not Attempted,Not Attempted,Not Attempted,Not Attempted,Not Attempted,Not Attempted,Not Attempted,A-,Not Attempted,Not Attempted,,Not Attempted,Not Attempted,Not Completed
11/11/2021 11:32:07,A+,A+,A+,A,A-,B+,A+,B+,A,Not Attempted,Not Attempted,General,No,,,,,,,,,,,,,,,,,,,,,,,,,,,,,,,,
11/11/2021 11:55:10,A+,A-,A-,B,A,A-,A+,A,B,A-,A,Data Science,Yes,Not Attempted,Not Attempted,Not Attempted,Not Attempted,Not Attempted,Not Attempted,Not Attempted,Not Attempted,Not Attempted,Not Attempted,Not Attempted,Not Attempted,Not Attempted,Not Attempted,Not Attempted,Not Attempted,Not Attempted,Not Attempted,Not Attempted,Not Attempted,Not Attempted,Not Attempted,Not Attempted,Not Attempted,Not Attempted,Not Attempted,Not Attempted,Not Attempted,Not Attempted,Not Attempted,Not Attempted,Not Completed
11/11/2021 12:38:22,Not Attempted,A+,A,A,Not Attempted,Not Attempted,Not Attempted,Not Attempted,Not Attempted,A+,Not Attempted,General,No,,,,,,,,,,,,,,,,,,,,,,,,,,,,,,,,
11/11/2021 13:08:45,A,Not Attempted,A-,B,A-,Not Attempted,Not Attempted,A,Not Attempted,A,A,General,No,,,,,,,,,,,,,,,,,,,,,,,,,,,,,,,,
11/11/2021 14:13:40,B,B,A,C,B,C+,B,B-,C+,Not Attempted,Not Attempted,Data Science,Yes,Not Attempted,Not Attempted,Not Attempted,Not Attempted,Not Attempted,Not Attempted,Not Attempted,Not Attempted,Not Attempted,Not Attempted,A,Not Attempted,Not Attempted,Not Attempted,Not Attempted,Not Attempted,Not Attempted,Not Attempted,Not Attempted,Not Attempted,Not Attempted,Not Attempted,Not Attempted,Not Attempted,Not Attempted,A+,Not Attempted,Not Attempted,Not Attempted,Not Attempted,Not Attempted,Not Completed
11/11/2021 14:21:32,A-,B+,B,A,A-,A,Not Attempted,Not Attempted,B,B,B+,General,Yes,,,Not Attempted,,,,,,,,,,,,,,,,,,,,,,,,,,,,,Not Completed
11/11/2021 15:13:57,A,B,B-,B-,B-,A,B+,B-,B,Not Attempted,B-,Data Science,Yes,Not Attempted,Not Attempted,Not Attempted,Not Attempted,Not Attempted,Not Attempted,Not Attempted,Not Attempted,Not Attempted,Not Attempted,Not Attempted,Not Attempted,Not Attempted,Not Attempted,B,Not Attempted,Not Attempted,Not Attempted,Not Attempted,Not Attempted,Not Attempted,Not Attempted,Not Attempted,Not Attempted,Not Attempted,C+,Not Attempted,Not Attempted,Not Attempted,Not Attempted,Not Attempted,Not Completed
11/11/2021 15:24:28,C+,C+,B-,B-,Not Attempted,Not Attempted,B,C+,A-,Not Attempted,Don't want to share,Data Science,No,,,,,,,,,,,,,,,,,,,,,,,,,,,,,,,,
11/11/2021 15:36:51,Not Attempted,Not Attempted,Not Attempted,A,A,A,Not Attempted,Not Attempted,A,A,Not Attempted,General,No,,,,,,,,,,,,,,,,,,,,,,,,,,,,,,,,
11/11/2021 16:01:41,A+,A,A,A,A,A,Not Attempted,Not Attempted,A,A,A,Machine Learning,Yes,,,,,,A,,,,,,,,,,,,,,,,,,,,,,,,,,Not Completed
11/11/2021 16:17:56,A+,Not Attempted,Not Attempted,Not Attempted,Not Attempted,Not Attempted,Not Attempted,Not Attempted,Not Attempted,Not Attempted,Not Attempted,General,No,,,,,,,,,,,,,,,,,,,,,,,,,,,,,,,,
11/11/2021 16:34:53,B+,A-,A+,A,B+,C+,B+,C+,C+,Not Attempted,C+,General,Yes,Not Attempted,Not Attempted,Not Attempted,Not Attempted,Not Attempted,B+,Not Attempted,Not Attempted,Not Attempted,Not Attempted,A+,Not Attempted,Not Attempted,A,Not Attempted,Not Attempted,Not Attempted,Not Attempted,Not Attempted,Not Attempted,Not Attempted,B+,Not Attempted,Not Attempted,Not Attempted,A+,Not Attempted,Not Attempted,Not Attempted,Not Attempted,Not Attempted,Not Completed
11/11/2021 16:47:21,B,B,B,B,A-,A,B,B,B,Not Attempted,Not Attempted,General,Yes,Not Attempted,Not Attempted,Not Attempted,Not Attempted,Not Attempted,Don't want to share,Not Attempted,Not Attempted,Not Attempted,Not Attempted,Not Attempted,Not Attempted,Not Attempted,Not Attempted,Not Attempted,Not Attempted,Not Attempted,Not Attempted,Not Attempted,Not Attempted,Not Attempted,Not Attempted,Not Attempted,Not Attempted,Not Attempted,Don't want to share,Not Attempted,Not Attempted,Not Attempted,Not Attempted,Not Attempted,Not Completed
11/11/2021 17:44:11,B,B,A+,C,B,C+,B,B,C-,Not Attempted,B,Machine Learning,Yes,Not Attempted,Not Attempted,B,Not Attempted,Not Attempted,Not Attempted,B,Not Attempted,Not Attempted,Not Attempted,Not Attempted,Not Attempted,B+,Not Attempted,Not Attempted,Not Attempted,Not Attempted,Not Attempted,C+,Not Attempted,Not Attempted,Not Attempted,Not Attempted,Not Attempted,Not Attempted,C+,Not Attempted,Not Attempted,Not Attempted,Not Attempted,Not Attempted,Not Completed
11/11/2021 17:47:11,B+,A-,C+,B+,A-,B+,A+,B-,A-,Not Attempted,C+,Machine Learning,Yes,Not Attempted,Not Attempted,Not Attempted,Not Attempted,Not Attempted,A+,A+,A-,Not Attempted,Not Attempted,B+,Not Attempted,Not Attempted,Not Attempted,Not Attempted,Not Attempted,Not Attempted,Not Attempted,Not Attempted,Not Attempted,Not Attempted,Not Attempted,Not Attempted,Not Attempted,Not Attempted,A+,Not Attempted,Not Attempted,Not Attempted,Not Attempted,Not Attempted,Not Completed
11/11/2021 18:53:24,A,A,A,A-,A,A-,A,A,A,A,A,General,Yes,Not Attempted,Not Attempted,Not Attempted,Not Attempted,Not Attempted,Not Attempted,Not Attempted,Not Attempted,Not Attempted,A,Not Attempted,Not Attempted,Not Attempted,Not Attempted,Not Attempted,Not Attempted,Not Attempted,Not Attempted,Not Attempted,Not Attempted,Not Attempted,Not Attempted,Not Attempted,Not Attempted,Not Attempted,A+,Not Attempted,Not Attempted,Not Attempted,Not Attempted,Not Attempted,Not Completed
11/11/2021 19:05:29,A+,A,A,B+,A+,B+,Not Attempted,Not Attempted,A+,Not Attempted,A,General,No,,,,,,,,,,,,,,,,,,,,,,,,,,,,,,,,
11/11/2021 19:19:38,Not Attempted,Not Attempted,A,A,A+,A+,Not Attempted,Not Attempted,A,Not Attempted,A,Machine Learning,Yes,Not Attempted,Not Attempted,A,Not Attempted,Not Attempted,Not Attempted,Not Attempted,A,Not Attempted,Not Attempted,A-,Not Attempted,Not Attempted,Not Attempted,Not Attempted,Not Attempted,Not Attempted,Not Attempted,Not Attempted,Not Attempted,Not Attempted,Not Attempted,Not Attempted,Not Attempted,Not Attempted,A,Not Attempted,A,Not Attempted,Not Attempted,Not Attempted,Not Completed
11/11/2021 21:11:25,A,C,C,C,B-,C,A,B,C,A,B,General,Yes,C,Not Attempted,C,Not Attempted,Not Attempted,B,B,Not Attempted,Not Attempted,Not Attempted,Not Attempted,Not Attempted,Not Attempted,Not Attempted,C+,Not Attempted,Not Attempted,Not Attempted,Not Attempted,Not Attempted,Not Attempted,Not Attempted,Not Attempted,Not Attempted,Not Attempted,Not Attempted,A,Not Attempted,Not Attempted,Not Attempted,Not Attempted,Not Completed
11/11/2021 22:10:48,A+,Not Attempted,Not Attempted,Not Attempted,Not Attempted,Not Attempted,Not Attempted,Not Attempted,Not Attempted,Not Attempted,A+,Machine Learning,No,,,,,,,,,,,,,,,,,,,,,,,,,,,,,,,,
11/11/2021 23:09:24,A-,B+,C-,B-,Don't want to share,Don't want to share,Don't want to share,B,C-,Not Attempted,B,Data Science,Yes,Not Attempted,Not Attempted,B-,Not Attempted,Not Attempted,Not Attempted,Not Attempted,Not Attempted,Not Attempted,Not Attempted,Not Attempted,Not Attempted,Not Attempted,Not Attempted,Not Attempted,Not Attempted,Not Attempted,Not Attempted,Don't want to share,Not Attempted,Not Attempted,Not Attempted,Not Attempted,Not Attempted,Not Attempted,A-,Not Attempted,Not Attempted,Not Attempted,Not Attempted,Not Attempted,Not Completed
11/12/2021 0:51:52,Not Attempted,A+,A+,A-,A+,A,Not Attempted,A+,A+,A+,A+,General,Yes,A+,Not Attempted,Not Attempted,Not Attempted,Not Attempted,A+,Not Attempted,Not Attempted,Not Attempted,Not Attempted,Not Attempted,Not Attempted,Not Attempted,Not Attempted,Not Attempted,Not Attempted,Not Attempted,Not Attempted,A+,Not Attempted,Not Attempted,Not Attempted,Not Attempted,Not Attempted,Not Attempted,Not Attempted,Not Attempted,Not Attempted,Not Attempted,Not Attempted,Not Attempted,Not Completed
11/12/2021 6:21:17,Not Attempted,Not Attempted,C+,B,C+,C+,A+,A+,A+,A,C-,General,No,,,,,,,,,,,,,,,,,,,,,,,,,,,,,,,,
11/12/2021 6:45:01,A,Not Attempted,Not Attempted,Not Attempted,Not Attempted,Not Attempted,A,Don't want to share,Not Attempted,Not Attempted,Not Attempted,General,No,,,,,,,,,,,,,,,,,,,,,,,,,,,,,,,,
11/12/2021 8:45:12,A+,A-,Not Attempted,Not Attempted,Not Attempted,Not Attempted,Not Attempted,Not Attempted,A-,Not Attempted,Not Attempted,General,No,,,,,,,,,,,,,,,,,,,,,,,,,,,,,,,,
11/12/2021 9:39:52,A+,A-,B+,A+,C,C,A+,A+,Not Attempted,A+,C-,General,Yes,,,,,,A,,,,,,,,,,,,,,,,,,,,,,,,,,Not Completed
11/12/2021 10:18:59,Not Attempted,A+,Not Attempted,A+,Not Attempted,Not Attempted,Not Attempted,Not Attempted,A-,Not Attempted,A+,Data Science,No,,,,,,,,,,,,,,,,,,,,,,,,,,,,,,,,
11/12/2021 11:22:44,A,A+,Not Attempted,Not Attempted,Not Attempted,Not Attempted,Not Attempted,A,A+,A+,Not Attempted,General,No,,,,,,,,,,,,,,,,,,,,,,,,,,,,,,,,
11/12/2021 11:49:05,A+,A,A+,A-,A,A,Not Attempted,Not Attempted,A+,Not Attempted,A,General,No,,,,,,,,,,,,,,,,,,,,,,,,,,,,,,,,
11/12/2021 19:50:22,B,B-,C+,A,B-,B,C+,B,B-,Not Attempted,A-,General,Yes,Not Attempted,Not Attempted,Not Attempted,Not Attempted,Not Attempted,Not Attempted,A-,Not Attempted,Not Attempted,B-,Not Attempted,Not Attempted,Not Attempted,Not Attempted,Not Attempted,Not Attempted,Not Attempted,A-,Not Attempted,Not Attempted,Not Attempted,Not Attempted,Not Attempted,Not Attempted,Not Attempted,A+,Not Attempted,Not Attempted,Not Attempted,Not Attempted,Not Attempted,Not Completed
11/12/2021 20:35:10,A+,A+,A,A,A,A,A+,A+,A+,A+,A+,General,No,,,,,,,,,,,,,,,,,,,,,,,,,,,,,,,,
11/12/2021 20:49:07,A,Don't want to share,B,B-,A-,B,Not Attempted,Not Attempted,B+,B+,B,General,No,,,,,,,,,,,,,,,,,,,,,,,,,,,,,,,,
11/12/2021 23:30:06,B,A+,A,A,A,A,A,Don't want to share,Don't want to share,A,A,General,Yes,Not Attempted,Not Attempted,Not Attempted,Not Attempted,Not Attempted,Not Attempted,Not Attempted,Not Attempted,Not Attempted,Not Attempted,Not Attempted,Not Attempted,Not Attempted,Not Attempted,Not Attempted,Not Attempted,Not Attempted,Not Attempted,Not Attempted,Not Attempted,Not Attempted,Not Attempted,Not Attempted,Not Attempted,Not Attempted,Not Attempted,Not Attempted,Not Attempted,Not Attempted,Not Attempted,Not Attempted,Not Completed
11/13/2021 1:31:30,A-,B,B,B-,B+,B,Not Attempted,Not Attempted,B-,B+,B+,Cyber Security,Yes,A,Not Attempted,B+,Not Attempted,Not Attempted,Not Attempted,Not Attempted,Not Attempted,Not Attempted,Not Attempted,Not Attempted,Not Attempted,Not Attempted,Not Attempted,B+,Not Attempted,Not Attempted,Not Attempted,Not Attempted,Not Attempted,Not Attempted,A,Not Attempted,Not Attempted,Not Attempted,Not Attempted,Not Attempted,Not Attempted,Not Attempted,Not Attempted,Not Attempted,Not Completed
11/13/2021 10:18:07,A+,A,A,B+,A-,B+,A,A-,A-,Not Attempted,A+,Machine Learning,Yes,Not Attempted,Not Attempted,B+,Not Attempted,Not Attempted,Not Attempted,A,B+,Not Attempted,Not Attempted,Not Attempted,Not Attempted,Not Attempted,Not Attempted,Not Attempted,Not Attempted,Not Attempted,Not Attempted,Not Attempted,Not Attempted,Not Attempted,Not Attempted,Not Attempted,Not Attempted,Not Attempted,A+,Not Attempted,Not Attempted,Not Attempted,Not Attempted,Not Attempted,Not Completed
11/13/2021 12:53:11,B,C-,C-,D+,D+,D,Not Attempted,Not Attempted,C,Not Attempted,C,General,Yes,Not Attempted,Not Attempted,C,Not Attempted,Not Attempted,A-,Not Attempted,Not Attempted,Not Attempted,Not Attempted,Not Attempted,Not Attempted,Not Attempted,B,Not Attempted,Not Attempted,Not Attempted,Not Attempted,Not Attempted,Not Attempted,Not Attempted,Not Attempted,Not Attempted,Not Attempted,Not Attempted,D,Not Attempted,Not Attempted,Not Attempted,Not Attempted,Not Attempted,Not Completed
11/13/2021 20:59:35,A,A,A,B+,A,A,Not Attempted,Not Attempted,A,A,A,Data Science,No,,,,,,,,,,,,,,,,,,,,,,,,,,,,,,,,
11/14/2021 9:58:22,A+,A+,A+,A+,A+,A+,Not Attempted,Not Attempted,A+,A+,A+,General,Yes,Not Attempted,Not Attempted,Not Attempted,Not Attempted,Not Attempted,A+,Not Attempted,Not Attempted,Not Attempted,Not Attempted,Not Attempted,Not Attempted,Not Attempted,Not Attempted,Not Attempted,Not Attempted,Not Attempted,Not Attempted,Not Attempted,Not Attempted,Not Attempted,Not Attempted,Not Attempted,Not Attempted,Not Attempted,A,Not Attempted,Not Attempted,Not Attempted,Not Attempted,Not Attempted,Not Completed
11/14/2021 14:38:05,Not Attempted,B+,C,C-,B,Don't want to share,Not Attempted,Not Attempted,Not Attempted,Not Attempted,Not Attempted,General,Yes,Not Attempted,Not Attempted,Not Attempted,Not Attempted,C,B+,Not Attempted,Not Attempted,Not Attempted,Don't want to share,A,Don't want to share,Not Attempted,Not Attempted,Not Attempted,Not Attempted,Not Attempted,Not Attempted,Don't want to share,Not Attempted,Not Attempted,Not Attempted,,Not Attempted,Not Attempted,Not Attempted,Not Attempted,A-,Not Attempted,Not Attempted,Not Attempted,Not Completed
11/14/2021 17:20:36,Not Attempted,A,A,B+,A,A-,Not Attempted,Not Attempted,A,A,A,General,Yes,Not Attempted,Not Attempted,Not Attempted,Not Attempted,Not Attempted,Not Attempted,Not Attempted,Not Attempted,Not Attempted,Not Attempted,Not Attempted,Not Attempted,Not Attempted,Not Attempted,Not Attempted,Not Attempted,Not Attempted,A,Not Attempted,Not Attempted,Not Attempted,Not Attempted,Not Attempted,Not Attempted,Not Attempted,A,Not Attempted,Not Attempted,Not Attempted,Not Attempted,Not Attempted,Not Completed
11/14/2021 20:11:29,Not Attempted,B+,B+,A-,Not Attempted,Not Attempted,Not Attempted,Not Attempted,B+,Not Attempted,Not Attempted,Machine Learning,No,,,,,,,,,,,,,,,,,,,,,,,,,,,,,,,,
11/14/2021 20:13:07,A,B+,B,B,B+,B,A+,A,A,B,A,General,Yes,A-,Not Attempted,Not Attempted,Not Attempted,Not Attempted,B+,Not Attempted,Not Attempted,Not Attempted,Not Attempted,Not Attempted,Not Attempted,Not Attempted,Not Attempted,Not Attempted,Not Attempted,Not Attempted,Not Attempted,Not Attempted,Not Attempted,Not Attempted,Not Attempted,Not Attempted,A-,Not Attempted,A,Not Attempted,Not Attempted,Not Attempted,Not Attempted,Not Attempted,Not Completed
11/14/2021 20:20:01,B-,A-,C-,B-,Not Attempted,Not Attempted,A,A-,B+,Not Attempted,B+,General,No,,,,,,,,,,,,,,,,,,,,,,,,,,,,,,,,
11/14/2021 20:33:56,A+,A+,A+,A-,A,C+,Not Attempted,Not Attempted,Not Attempted,A,A+,General,Yes,A,Not Attempted,Not Attempted,,Not Attempted,A+,Not Attempted,Not Attempted,A,Not Attempted,Not Attempted,Not Attempted,Not Attempted,Not Attempted,Not Attempted,Not Attempted,Not Attempted,Not Attempted,Not Attempted,Not Attempted,Not Attempted,Don't want to share,Not Attempted,Not Attempted,Not Attempted,Not Attempted,Not Attempted,Not Attempted,Not Attempted,Not Attempted,Not Attempted,Not Completed
11/14/2021 22:17:04,A+,B+,Don't want to share,Don't want to share,Not Attempted,Not Attempted,Not Attempted,A,B,Not Attempted,A,Machine Learning,No,,,,,,,,,,,,,,,,,,,,,,,,,,,,,,,,
11/14/2021 23:31:52,Not Attempted,Don't want to share,Don't want to share,B,Not Attempted,Not Attempted,Not Attempted,Not Attempted,B,Don't want to share,Don't want to share,General,No,,,,,,,,,,,,,,,,,,,,,,,,,,,,,,,,
11/14/2021 23:33:06,Not Attempted,A+,A+,A+,Not Attempted,Not Attempted,Not Attempted,Not Attempted,B+,Not Attempted,Not Attempted,Machine Learning,No,,,,,,,,,,,,,,,,,,,,,,,,,,,,,,,,
11/14/2021 23:47:43,Not Attempted,A,C,C+,B,B,Not Attempted,Not Attempted,A,B+,A+,General,Yes,,,,,,A-,A,A,,,,,,,,,,,,,,,,,,A+,,,,,,Not Completed
11/14/2021 23:49:45,A-,A+,A+,A-,B,B+,A+,A-,Not Attempted,Not Attempted,A+,General,No,,,,,,,,,,,,,,,,,,,,,,,,,,,,,,,,
11/15/2021 0:38:02,A+,A+,A+,A,A,Not Attempted,Not Attempted,Not Attempted,A+,A+,A+,Machine Learning,No,,,,,,,,,,,,,,,,,,,,,,,,,,,,,,,,
11/15/2021 0:52:07,A+,B,B+,A,Not Attempted,Not Attempted,A+,A+,A,Not Attempted,Not Attempted,General,No,,,,,,,,,,,,,,,,,,,,,,,,,,,,,,,,
11/15/2021 0:52:58,Not Attempted,A+,B,B+,B,C+,Not Attempted,A+,A-,B,A,Machine Learning,Yes,Not Attempted,Not Attempted,Not Attempted,Not Attempted,Not Attempted,Not Attempted,Not Attempted,A-,Not Attempted,C,Not Attempted,Not Attempted,Not Attempted,,,,,,,,,A+,,,,A+,,,,,,Not Completed
11/15/2021 1:17:42,A+,A,A,A+,A-,B,A,A,A,Not Attempted,A,Data Science,No,,,,,,,,,,,,,,,,,,,,,,,,,,,,,,,,
11/15/2021 1:33:28,Not Attempted,C+,B,B-,Not Attempted,Not Attempted,Not Attempted,Not Attempted,Not Attempted,Not Attempted,Not Attempted,Cyber Security,No,,,,,,,,,,,,,,,,,,,,,,,,,,,,,,,,
11/15/2021 1:34:23,Not Attempted,A,A+,A,A+,A+,Not Attempted,Not Attempted,Not Attempted,Not Attempted,A,General,Yes,A,Not Attempted,A+,Not Attempted,Not Attempted,A,Not Attempted,Not Attempted,Not Attempted,Not Attempted,Not Attempted,Not Attempted,Not Attempted,Not Attempted,Not Attempted,A,Not Attempted,Not Attempted,A,Not Attempted,Not Attempted,Not Attempted,Not Attempted,Not Attempted,Not Attempted,A+,Not Attempted,Not Attempted,Not Attempted,Not Attempted,Not Attempted,Graduated
11/15/2021 1:34:45,Not Attempted,B,B-,B,Don't want to share,Don't want to share,Not Attempted,A,B+,Not Attempted,Don't want to share,General,No,,,,,,,,,,,,,,,,,,,,,,,,,,,,,,,,
11/15/2021 1:35:58,A+,A,Not Attempted,Not Attempted,Not Attempted,Not Attempted,Not Attempted,Not Attempted,A+,A,Not Attempted,General,No,,,,,,,,,,,,,,,,,,,,,,,,,,,,,,,,
11/15/2021 1:37:48,Not Attempted,A+,B,A,Not Attempted,Not Attempted,Not Attempted,Not Attempted,B,Not Attempted,A-,General,No,,,,,,,,,,,,,,,,,,,,,,,,,,,,,,,,
11/15/2021 1:40:05,B+,A-,Not Attempted,Don't want to share,Not Attempted,Not Attempted,Don't want to share,A+,A+,Not Attempted,A+,General,No,,,,,,,,,,,,,,,,,,,,,,,,,,,,,,,,
11/15/2021 1:45:42,Not Attempted,C,C,C,C,C-,Not Attempted,A,C,Not Attempted,A,Data Science,No,,,,,,,,,,,,,,,,,,,,,,,,,,,,,,,,
11/15/2021 2:19:28,A+,A,B+,B+,B+,A-,A,A,A,A,A,General,Yes,Not Attempted,Not Attempted,A,Not Attempted,Not Attempted,A+,Not Attempted,Not Attempted,Not Attempted,Not Attempted,Not Attempted,Not Attempted,Not Attempted,Not Attempted,A,Not Attempted,Not Attempted,,B+,Not Attempted,Not Attempted,A,Not Attempted,Not Attempted,Not Attempted,Not Attempted,Not Attempted,Not Attempted,Not Attempted,Not Attempted,Not Attempted,Graduated
11/15/2021 2:55:56,Not Attempted,Not Attempted,A-,A,A-,C+,Not Attempted,Not Attempted,A,A-,A,General,No,,,,,,,,,,,,,,,,,,,,,,,,,,,,,,,,
11/15/2021 3:24:58,Not Attempted,B+,A,A,A+,A,A,Not Attempted,A-,Not Attempted,A,Data Science,Yes,Not Attempted,Not Attempted,Not Attempted,Not Attempted,Not Attempted,Not Attempted,Not Attempted,Not Attempted,Not Attempted,A,Not Attempted,Not Attempted,A,Not Attempted,Not Attempted,Not Attempted,Not Attempted,Not Attempted,A-,Not Attempted,Not Attempted,Not Attempted,Not Attempted,Not Attempted,Not Attempted,A,Not Attempted,Not Attempted,Not Attempted,Not Attempted,Not Attempted,Not Completed
11/15/2021 7:48:00,Not Attempted,A+,A,B+,A+,A,Not Attempted,Not Attempted,A,Not Attempted,A-,Data Science,Yes,Not Attempted,Not Attempted,Not Attempted,Not Attempted,Not Attempted,Not Attempted,Not Attempted,A-,A,Not Attempted,Not Attempted,Not Attempted,Not Attempted,Not Attempted,A,Not Attempted,Not Attempted,Not Attempted,Not Attempted,Not Attempted,Not Attempted,Not Attempted,Not Attempted,Not Attempted,Not Attempted,A,Not Attempted,Not Attempted,Not Attempted,Not Attempted,Not Attempted,Not Completed
11/15/2021 7:56:40,Not Attempted,B+,A,B+,B+,B-,Not Attempted,Not Attempted,A+,Not Attempted,A+,General,Yes,Not Attempted,Not Attempted,Not Attempted,Not Attempted,Not Attempted,Not Attempted,B-,,Not Attempted,Not Attempted,Not Attempted,Not Attempted,Not Attempted,,Not Attempted,Not Attempted,Not Attempted,B,Not Attempted,Not Attempted,Not Attempted,A+,B+,A+,Not Attempted,A+,Not Attempted,A+,A,,,Not Completed
11/15/2021 8:32:47,Not Attempted,A+,A+,B+,A+,A,Not Attempted,A,A,A+,A+,Data Science,Yes,Not Attempted,Not Attempted,Not Attempted,Not Attempted,Not Attempted,Not Attempted,Not Attempted,Not Attempted,Not Attempted,Not Attempted,Not Attempted,Not Attempted,Not Attempted,Not Attempted,Not Attempted,Not Attempted,Not Attempted,Not Attempted,B,Not Attempted,Not Attempted,Not Attempted,Not Attempted,Not Attempted,Not Attempted,A+,Not Attempted,Not Attempted,Not Attempted,Not Attempted,Not Attempted,Not Completed
11/15/2021 8:46:47,B+,C+,B,B+,Not Attempted,Not Attempted,A,A,A-,Not Attempted,A,Cyber Security,No,,,,,,,,,,,,,,,,,,,,,,,,,,,,,,,,
11/15/2021 8:52:49,A-,B+,A-,B,A-,B+,Not Attempted,Not Attempted,B+,B,A+,General,Yes,,,B,,,,,,,B+,,,,,,,A,A-,,,,B+,,,,,,,,,,Graduated
11/15/2021 9:08:33,A,Not Attempted,Not Attempted,Not Attempted,Not Attempted,Not Attempted,A,Not Attempted,Not Attempted,Not Attempted,Not Attempted,General,No,,,,,,,,,,,,,,,,,,,,,,,,,,,,,,,,
11/15/2021 10:34:48,B+,B+,B-,B+,B+,Not Attempted,A+,B+,C+,Not Attempted,Not Attempted,General,Yes,Not Attempted,Not Attempted,Not Attempted,Not Attempted,Not Attempted,Not Attempted,Not Attempted,Not Attempted,Not Attempted,Not Attempted,Not Attempted,Not Attempted,Not Attempted,Not Attempted,A+,Not Attempted,Not Attempted,Not Attempted,Not Attempted,Not Attempted,Not Attempted,Not Attempted,Not Attempted,Not Attempted,Not Attempted,Not Attempted,Not Attempted,Not Attempted,Not Attempted,Not Attempted,Not Attempted,Not Completed
11/15/2021 11:21:52,A-,A,B+,A-,A,A,A,A,Not Attempted,A-,A-,General,No,,,,,,,,,,,,,,,,,,,,,,,,,,,,,,,,
11/15/2021 11:25:48,A,B+,A+,A+,A+,A-,A+,A+,B+,A+,A+,Machine Learning,Yes,Not Attempted,Not Attempted,Not Attempted,Not Attempted,Not Attempted,Not Attempted,A,Not Attempted,Not Attempted,Not Attempted,Not Attempted,Not Attempted,Not Attempted,Not Attempted,Not Attempted,Not Attempted,Not Attempted,Not Attempted,Not Attempted,Not Attempted,Not Attempted,Not Attempted,Not Attempted,Not Attempted,Not Attempted,A+,Not Attempted,Not Attempted,Not Attempted,Not Attempted,Not Attempted,Not Completed
11/15/2021 11:46:05,A-,A-,B+,B,Not Attempted,Not Attempted,Not Attempted,Not Attempted,Not Attempted,Not Attempted,B+,Cyber Security,No,,,,,,,,,,,,,,,,,,,,,,,,,,,,,,,,
11/15/2021 12:01:45,A+,Not Attempted,Not Attempted,Not Attempted,Not Attempted,Not Attempted,A,A,Not Attempted,Not Attempted,Not Attempted,General,No,,,,,,,,,,,,,,,,,,,,,,,,,,,,,,,,
11/15/2021 12:09:13,Not Attempted,A-,C,B+,B+,C,Not Attempted,Not Attempted,Not Attempted,Not Attempted,A,General,No,,,,,,,,,,,,,,,,,,,,,,,,,,,,,,,,
11/15/2021 12:39:49,C+,C+,B,C+,B+,B+,B+,B+,B+,B+,A-,General,Yes,,,Don't want to share,,,B+,,,,,,,,,,,,,,,,,,,,,,,,,,Not Completed
11/15/2021 13:04:32,A,Not Attempted,Not Attempted,Not Attempted,Not Attempted,Not Attempted,Not Attempted,A-,Not Attempted,Not Attempted,Not Attempted,General,No,,,,,,,,,,,,,,,,,,,,,,,,,,,,,,,,
11/15/2021 13:08:15,Not Attempted,A,B,B+,Not Attempted,Not Attempted,Not Attempted,Not Attempted,A-,A,B+,Data Science,No,,,,,,,,,,,,,,,,,,,,,,,,,,,,,,,,
11/15/2021 13:14:30,B+,B,C+,B+,A-,C+,Not Attempted,C+,Not Attempted,Not Attempted,Not Attempted,General,Yes,Not Attempted,Not Attempted,Not Attempted,Not Attempted,Not Attempted,C+,Not Attempted,Not Attempted,C+,B,Not Attempted,Not Attempted,Not Attempted,Not Attempted,Not Attempted,Not Attempted,Not Attempted,Not Attempted,Not Attempted,Not Attempted,Not Attempted,Not Attempted,Not Attempted,Not Attempted,Not Attempted,B+,Not Attempted,Not Attempted,Not Attempted,Not Attempted,Not Attempted,Not Completed
11/15/2021 13:59:47,Not Attempted,A-,A,A,Not Attempted,A-,Not Attempted,Not Attempted,Not Attempted,Not Attempted,Not Attempted,General,No,,,,,,,,,,,,,,,,,,,,,,,,,,,,,,,,
11/15/2021 14:25:08,B+,Not Attempted,Not Attempted,Not Attempted,Not Attempted,Not Attempted,A-,Not Attempted,Not Attempted,Not Attempted,Not Attempted,General,No,,,,,,,,,,,,,,,,,,,,,,,,,,,,,,,,
11/15/2021 15:43:10,B,C+,A-,B-,A-,B,A+,A+,C+,A+,A,Machine Learning,Yes,,,A-,,,,,A,,,,,,,,,,,,,,,,A,,,,A-,,,,Not Completed
11/15/2021 17:01:07,Not Attempted,A-,A,A-,A,B+,Not Attempted,Not Attempted,Not Attempted,Not Attempted,A,General,Yes,Not Attempted,Not Attempted,Not Attempted,Not Attempted,A-,Not Attempted,Not Attempted,A+,Not Attempted,A-,Not Attempted,Not Attempted,A-,Not Attempted,Not Attempted,Not Attempted,Not Attempted,Not Attempted,Not Attempted,Not Attempted,Not Attempted,Not Attempted,Not Attempted,Not Attempted,Not Attempted,A,Not Attempted,Not Attempted,Not Attempted,Not Attempted,Not Attempted,Not Completed
11/15/2021 17:18:11,A,A,B+,B-,C+,C,A+,C+,B+,B+,A,General,Yes,,,,,,,,,,,,,,,,,,,,,,,,,,,,,,,,Not Completed
11/15/2021 20:00:39,B+,B,A+,A,A,A,B+,A,A-,Not Attempted,A+,General,Yes,Not Attempted,Not Attempted,Not Attempted,Not Attempted,Not Attempted,Not Attempted,Not Attempted,Not Attempted,Not Attempted,Not Attempted,Not Attempted,Not Attempted,Not Attempted,Not Attempted,,Not Attempted,Not Attempted,B+,Not Attempted,Not Attempted,Not Attempted,Not Attempted,Not Attempted,Not Attempted,Not Attempted,A,Not Attempted,Not Attempted,Not Attempted,Not Attempted,Not Attempted,Not Completed
11/15/2021 20:01:44,A,B,A-,B+,C-,B,A,A,B-,C+,B+,General,Yes,Not Attempted,Not Attempted,Not Attempted,Not Attempted,Not Attempted,C-,Not Attempted,Not Attempted,Not Attempted,Not Attempted,Not Attempted,Not Attempted,Not Attempted,Not Attempted,Not Attempted,Not Attempted,Not Attempted,Not Attempted,Not Attempted,Not Attempted,Not Attempted,Not Attempted,Not Attempted,Not Attempted,Not Attempted,C-,Not Attempted,Not Attempted,Not Attempted,Not Attempted,Not Attempted,Not Completed
11/15/2021 20:52:36,A+,A,A+,Not Attempted,Not Attempted,Not Attempted,Not Attempted,Not Attempted,Not Attempted,B-,A,General,No,,,,,,,,,,,,,,,,,,,,,,,,,,,,,,,,
11/15/2021 21:10:17,Not Attempted,A-,B-,B+,A-,A,Not Attempted,Not Attempted,C+,B+,B,General,Yes,B,Not Attempted,Not Attempted,Not Attempted,Not Attempted,Not Attempted,Not Attempted,A+,Not Attempted,Not Attempted,A,Not Attempted,Not Attempted,Not Attempted,Not Attempted,Not Attempted,Not Attempted,Not Attempted,B,Not Attempted,Not Attempted,Not Attempted,Not Attempted,Not Attempted,Not Attempted,A,Not Attempted,Not Attempted,Not Attempted,Not Attempted,Not Attempted,Not Completed
11/16/2021 0:28:19,A+,B+,C+,C+,B,B-,A+,A+,C+,Don't want to share,B+,Machine Learning,Yes,Not Attempted,Not Attempted,Not Attempted,,Not Attempted,Not Attempted,Not Attempted,Not Attempted,Not Attempted,Not Attempted,Not Attempted,Not Attempted,Not Attempted,Not Attempted,Not Attempted,Not Attempted,Not Attempted,Not Attempted,Not Attempted,Not Attempted,Not Attempted,Not Attempted,Not Attempted,Not Attempted,Not Attempted,Not Attempted,Not Attempted,Not Attempted,Not Attempted,Not Attempted,Not Attempted,Not Completed
11/16/2021 0:47:13,Not Attempted,A,B-,A,B+,B,A,Not Attempted,A,Not Attempted,Don't want to share,General,Yes,,,,,,B+,,,,,,,,,,,,,,,,,,,,A,,,,,,Not Completed
11/16/2021 14:27:40,A+,A+,A,A+,A+,A+,Not Attempted,Not Attempted,A,A+,A+,General,No,,,,,,,,,,,,,,,,,,,,,,,,,,,,,,,,
11/16/2021 18:55:10,A+,A+,A+,A+,A+,A+,A+,A+,A+,A+,A+,Machine Learning,Yes,Not Attempted,A+,A+,Not Attempted,Not Attempted,A+,Not Attempted,A+,A+,A+,Not Attempted,Not Attempted,Not Attempted,Not Attempted,Not Attempted,Not Attempted,Not Attempted,Not Attempted,A+,Not Attempted,Not Attempted,Not Attempted,Not Attempted,Not Attempted,Not Attempted,A+,Not Attempted,Not Attempted,Not Attempted,Not Attempted,Not Attempted,Not Completed
11/16/2021 19:03:17,Not Attempted,A,B+,A-,A-,A-,Not Attempted,A,Not Attempted,A,A,Machine Learning,No,,,,,,,,,,,,,,,,,,,,,,,,,,,,,,,,
11/16/2021 19:44:09,Not Attempted,A-,A-,C+,A-,B-,Not Attempted,Not Attempted,A-,Not Attempted,A,General,Yes,Not Attempted,Not Attempted,A-,Not Attempted,A+,A-,Not Attempted,Not Attempted,Not Attempted,Not Attempted,Not Attempted,Not Attempted,Not Attempted,Not Attempted,A+,Not Attempted,Not Attempted,Not Attempted,Not Attempted,Not Attempted,Not Attempted,Not Attempted,Not Attempted,Not Attempted,Not Attempted,A+,Not Attempted,Not Attempted,Not Attempted,Not Attempted,Not Attempted,Not Completed
11/16/2021 22:36:18,A+,B+,Not Attempted,Not Attempted,Not Attempted,Not Attempted,C+,C+,C+,Not Attempted,Not Attempted,General,No,,,,,,,,,,,,,,,,,,,,,,,,,,,,,,,,
11/16/2021 23:14:01,B,B+,B+,B,B,C,B,B-,B,B,B,General,Yes,Not Attempted,Not Attempted,Not Attempted,Not Attempted,Not Attempted,A,Not Attempted,Not Attempted,Not Attempted,Not Attempted,Not Attempted,Not Attempted,Not Attempted,Not Attempted,Not Attempted,Not Attempted,Not Attempted,A+,C,Not Attempted,Not Attempted,Not Attempted,Not Attempted,Not Attempted,Not Attempted,A,Not Attempted,Not Attempted,Not Attempted,Not Attempted,Not Attempted,Not Completed
11/17/2021 3:32:44,Not Attempted,Not Attempted,A+,A+,A,A,Not Attempted,Not Attempted,A,A,Not Attempted,General,Yes,Not Attempted,C,Not Attempted,Not Attempted,A-,A+,Not Attempted,A+,Not Attempted,Not Attempted,Not Attempted,Not Attempted,Not Attempted,A+,Not Attempted,Not Attempted,Not Attempted,Not Attempted,A+,Not Attempted,Not Attempted,Not Attempted,A-,Not Attempted,A,A,Not Attempted,Not Attempted,Not Attempted,Not Attempted,A,Not Completed
11/17/2021 12:23:18,A+,A+,A+,A,A+,A,Not Attempted,Not Attempted,A+,A+,A+,General,Yes,,,,,,,,,,,,,,,,,,,,,,,,,,,,,,,,Not Completed
11/17/2021 13:58:30,B+,B+,B,A-,A-,B+,B+,B,Not Attempted,Not Attempted,A,General,Yes,,,,,,,,,,,,,,,,,,,,,,,,,,,,,,,,Not Completed
11/17/2021 16:10:42,A,A-,B,A-,B+,B,A+,A+,A+,A+,A,Data Science,No,,,,,,,,,,,,,,,,,,,,,,,,,,,,,,,,
11/17/2021 16:49:57,Not Attempted,A+,B+,A-,A+,A,Not Attempted,Not Attempted,A,Not Attempted,A,General,Yes,Not Attempted,Not Attempted,Not Attempted,Not Attempted,Not Attempted,Not Attempted,Not Attempted,Not Attempted,Not Attempted,Not Attempted,Not Attempted,Not Attempted,Not Attempted,Not Attempted,Not Attempted,Not Attempted,Not Attempted,Not Attempted,B+,Not Attempted,Not Attempted,Not Attempted,Not Attempted,Not Attempted,Not Attempted,Not Attempted,Not Attempted,Not Attempted,Not Attempted,Not Attempted,Not Attempted,Not Completed
11/17/2021 18:46:04,A,A-,A+,B+,A,B+,A+,A+,A+,A+,A+,Machine Learning,Yes,Not Attempted,Not Attempted,Not Attempted,Not Attempted,Not Attempted,Not Attempted,A,Not Attempted,Not Attempted,Not Attempted,Not Attempted,Not Attempted,Not Attempted,Not Attempted,Not Attempted,Not Attempted,Not Attempted,Not Attempted,Not Attempted,Not Attempted,Not Attempted,Not Attempted,Not Attempted,Not Attempted,Not Attempted,A,Not Attempted,Not Attempted,Not Attempted,Not Attempted,Not Attempted,Not Completed
11/18/2021 13:28:47,A+,A,Not Attempted,A+,Not Attempted,Not Attempted,Not Attempted,Not Attempted,A+,Not Attempted,Not Attempted,Data Science,No,,,,,,,,,,,,,,,,,,,,,,,,,,,,,,,,
11/18/2021 15:39:30,A,A,A,A,A,A,Not Attempted,Not Attempted,A-,Not Attempted,Not Attempted,General,No,,,,,,,,,,,,,,,,,,,,,,,,,,,,,,,,
11/18/2021 18:57:59,Not Attempted,Not Attempted,Not Attempted,Not Attempted,B,Don't want to share,A,A-,Not Attempted,Not Attempted,C+,General,No,,,,,,,,,,,,,,,,,,,,,,,,,,,,,,,,
11/19/2021 11:32:21,Not Attempted,B+,C,C+,C,B,Not Attempted,Not Attempted,B,B+,Not Attempted,General,Yes,B-,Not Attempted,Not Attempted,Not Attempted,Not Attempted,Not Attempted,Not Attempted,Not Attempted,Not Attempted,Not Attempted,Not Attempted,Not Attempted,Not Attempted,Not Attempted,Not Attempted,Not Attempted,Not Attempted,Not Attempted,Not Attempted,Not Attempted,Not Attempted,Not Attempted,Not Attempted,Not Attempted,Not Attempted,Not Attempted,Not Attempted,Not Attempted,Not Attempted,Not Attempted,Not Attempted,Not Completed
11/21/2021 0:18:19,B-,C+,A+,B,A,B,Not Attempted,Not Attempted,B+,Not Attempted,A+,General,No,,,,,,,,,,,,,,,,,,,,,,,,,,,,,,,,
11/22/2021 15:13:02,Not Attempted,Not Attempted,Not Attempted,Not Attempted,B+,B+,Not Attempted,Not Attempted,Not Attempted,Not Attempted,A,General,Yes,Not Attempted,Not Attempted,Not Attempted,Not Attempted,Not Attempted,Not Attempted,Not Attempted,A,Not Attempted,A,Not Attempted,Not Attempted,Not Attempted,A,Not Attempted,Not Attempted,Not Attempted,Not Attempted,A-,Not Attempted,Not Attempted,Not Attempted,Not Attempted,Not Attempted,Not Attempted,A+,Not Attempted,Not Attempted,Not Attempted,Not Attempted,Not Attempted,Not Completed
11/27/2021 21:19:45,B,B,B,A,A,A-,A,A,A,A,A,Machine Learning,Yes,Not Attempted,Not Attempted,Not Attempted,Not Attempted,Not Attempted,Not Attempted,Not Attempted,Not Attempted,Not Attempted,Not Attempted,B,Not Attempted,Not Attempted,Not Attempted,Not Attempted,Not Attempted,Not Attempted,Not Attempted,Not Attempted,Not Attempted,Not Attempted,Not Attempted,Not Attempted,Not Attempted,Not Attempted,A,Not Attempted,Not Attempted,Not Attempted,Not Attempted,Not Attempted,Not Completed
12/2/2021 0:40:43,A+,A+,A,A,A,A,A+,A+,B,A,B,General,Yes,Not Attempted,Not Attempted,Not Attempted,Not Attempted,Not Attempted,,Not Attempted,Not Attempted,Not Attempted,A+,Not Attempted,Not Attempted,Not Attempted,A,Not Attempted,Not Attempted,Not Attempted,Not Attempted,Not Attempted,Not Attempted,Not Attempted,Not Attempted,Not Attempted,Not Attempted,Not Attempted,A+,A,Not Attempted,Not Attempted,Not Attempted,Not Attempted,Not Completed
12/9/2021 22:38:27,C-,B,Not Attempted,Not Attempted,Not Attempted,Not Attempted,Not Attempted,Not Attempted,Not Attempted,Not Attempted,Not Attempted,General,No,,,,,,,,,,,,,,,,,,,,,,,,,,,,,,,,